{"items":[{"template":0,"fillmodel":0,"id":"text_1","type":"text","key":"Asset_Number","options":[""],"new":"","value":["122606"]},{"template":0,"fillmodel":0,"id":"radio_2","type":"radio","key":"Product_Name","options":["All_In_One","Computer","Laptop","Server","Mobile_Device"],"new":"","value":["Laptop"]},{"template":1,"fillmodel":0,"id":"radio_68","type":"radio","key":"Technology","options":["Toughbook","Netbook","Notebook","Tabet_Notebook"],"new":"","value":["Tabet_Notebook"]},{"template":1,"fillmodel":1,"id":"text_69","type":"text","key":"Model","options":[""],"new":"","value":["1601"]},{"template":1,"fillmodel":1,"id":"number_70","type":"number","key":"Weight","options":[""],"new":"","value":["1.8"]},{"template":1,"fillmodel":1,"id":"radio_72","type":"radio","key":"Color","options":["Black","White","Gray","Silver","Aluminum"],"new":"","value":["Black"]},{"template":1,"fillmodel":0,"id":"dropdown_73","type":"dropdown","key":"OS_Label","options":["NO COA","Windows 10 Enterprise","Windows 10 Home","Windows 10 Pro","Windows 7 Enterprise","Windows 7 Home Premium","Windows 7 Professional","Windows 7 Ultimate","Windows 8","Windows 8 Enterprise","Windows 8 Pro","Windows Embedded Standard","Windows Vista Basic","Windows Vista Business","Windows Vista Home","Windows Vista Ultimate","Windows XP","Chrome","Mac iOS","Mac OS X"],"new":"","value":["Windows 8 Pro"]},{"template":0,"fillmodel":0,"id":"radio_74","type":"radio","key":"Customer_Asset_Tag","options":["No Asset Tag","Worn Asset Tag"],"new":"","value":["No Asset Tag"]},{"template":1,"fillmodel":1,"id":"dropdown_75","type":"dropdown","key":"Size","options":["15.6\"","17\"","10\"","10.1\"","10.4\"","10.6\"","11\"","11.1\"","11.6\"","12\"","12.1\"","12.3\"","12.5\"","13\"","13.1\"","13.3\"","14\"","14.1\"","15\"","15.4\"","16\"","17.3\"","18\"","18.5\"","19\"","20\"","21\"","21.5\"","22\"","23\"","24\"","27\"","3.5\"","30\"","4\"","7\"","7.9\"","9\"","9.7\""],"new":"","value":["10.4\""]},{"template":1,"fillmodel":1,"id":"dropdown_76","type":"dropdown","key":"Resolution","options":["1024 x 600","1024 x 768","1200 x 800","1280 x 1024","1280 x 720","1280 x 800","1360 x 768","1366 x 768","1920 x 1080","1920 x 1200","1920 x 1280","2048 x 1536","2160 x 1440","2224 x 1668","2560 x 1440","2560 x 1600","2732 x 2048","2736 x 1824","3000 x 2000","3200 x 1800","3840 x 2160","480 x 272","800 x 480","800 x 600","1600 x 900","1400 x 900","1440 x 900"],"new":"","value":["1920 x 1080"]},{"template":1,"fillmodel":0,"id":"radio_77","type":"radio","key":"Touchscreen","options":["Yes","No"],"new":"","value":["No"]},{"template":1,"fillmodel":0,"id":"radio_78","type":"radio","key":"HD_Size","options":["1.8 MicroSATA","2.5","3.5","m.2 SSD","mSATA","Onboard"],"new":"","value":["Onboard"]},{"template":1,"fillmodel":1,"id":"radio_79","type":"radio","key":"Memory_Slots","options":["1","2","3","4","5","6","7","8"],"new":"","value":["1"]},{"template":1,"fillmodel":1,"id":"radio_80","type":"radio","key":"Max_Memory_Capacity","options":["2GB","4GB","8GB","12GB","16GB","20GB","24GB","32GB","64GB"],"new":"","value":["4GB"]},{"template":1,"fillmodel":0,"id":"radio_81","type":"radio","key":"Optical_Drive","options":["Yes","No","Ultrabay Battery","N\/A"],"new":"","value":["N\/A"]},{"template":1,"fillmodel":0,"id":"radio_82","type":"radio","key":"Battery_and_Power","options":["Battery_Yes","Battery_No","Extended_Battery_Yes"],"new":"","value":["Battery_Yes"]},{"template":1,"fillmodel":0,"id":"radio_83","type":"radio","key":"Battery_Condition","options":["Poor","Bad","Moderate","Fair","Good","Excellent","No Battery","Low"],"new":"","value":["Fair"]},{"template":1,"fillmodel":0,"id":"radio_84","type":"radio","key":"Backlit_Keyboard","options":["Yes","No"],"new":"","value":["No"]},{"template":1,"fillmodel":0,"id":"radio_85","type":"radio","key":"Fingerprint_Scanner","options":["Yes","No"],"new":"","value":["No"]},{"template":1,"fillmodel":0,"id":"radio_86","type":"radio","key":"Webcam","options":["Yes","No"],"new":"","value":["Yes"]},{"template":1,"fillmodel":1,"id":"radio_87","type":"radio","key":"RJ_45","options":["Yes","No"],"new":"","value":["No"]},{"template":1,"fillmodel":1,"id":"dropdown_88","type":"dropdown","key":"USB_2_0_Ports","options":["0","1","2","3","4","5","6","7","8","9","10","11","12"],"new":"","value":["0"]},{"template":1,"fillmodel":1,"id":"dropdown_89","type":"dropdown","key":"USB_3_0_Ports","options":["0","1","2","3","4","5","6","7","8","9","10","11","12"],"new":"","value":["1"]},{"template":1,"fillmodel":1,"id":"dropdown_90","type":"dropdown","key":"USB_C_Ports","options":["0","1","2","3","4","5","6","7","8","9","10","11","12"],"new":"","value":["0"]},{"template":1,"fillmodel":1,"id":"radio_91","type":"radio","key":"SD_Card_Reader","options":["Yes","No"],"new":"","value":["Yes"]},{"template":1,"fillmodel":1,"id":"radio_92","type":"radio","key":"Headphone_Jack","options":["Yes","No"],"new":"","value":["Yes"]},{"template":1,"fillmodel":1,"id":"radio_93","type":"radio","key":"Microphone_Jack","options":["Yes","No"],"new":"","value":["No"]},{"template":1,"fillmodel":1,"id":"mult_94","type":"mult","key":"Available_Video_Ports","options":["Display Port","DVI","Mini Display Port","DMS-59","HDMI","VGA"],"new":"","value":["Mini Display Port"]},{"template":1,"fillmodel":1,"id":"number_95","type":"number","key":"Height","options":[""],"new":"","value":["6.8"]},{"template":1,"fillmodel":1,"id":"number_96","type":"number","key":"Width","options":[""],"new":"","value":["10.8"]},{"template":1,"fillmodel":1,"id":"number_97","type":"number","key":"Length","options":[""],"new":"","value":[".53"]},{"template":0,"fillmodel":0,"id":"mult_98","type":"mult","key":"Screen","options":["Screen_Scratch_Minor","Dark_Screen","Dead_Pixel_Minor","Pressure_Mark_Minor","Screen_Burn_Minor","Screen_Lines_Minor","Defective_Backlight","Screen_Scratch_Severe","Cracked_Screen_Minor","No_Display","Cracked_Screen_Severe","Dead_Pixel_Severe","Pressure_Mark_Severe","Screen_Burn_Severe","Screen_Lines_Severe","Cracked_Screen","Defective_Display","Defective_Touch_Screen","No_LCD","Screen_Rubber_Peeling","Cracked_Glass"],"new":"","value":["Screen_Scratch_Minor"]},{"template":0,"fillmodel":0,"id":"mult_99","type":"mult","key":"Case","options":["Worn_COA","Security_Plate","Case_Engraved","Worn_Serial_Number","Case_Discolor","Case_Scratch_Minor","Case_Dent_Minor","Bottom_Panel","Broken_Hinge","Case_Scratch_Severe","Case_Dent_Severe","Cracked_Case_Severe","Cracked_Case_Minor","Damaged_Bezel","Damaged_Bracket","Latch_Will_Not_Close (Laptop)","Loose_Hinges","Back_Panel","Case_Dent_Top_Cover_Minor","Case_Dent_Top_Cover_Severe","Case_Dent_Coner_Minor","Case_Dent_Coner_Severe"],"new":"","value":["Case_Scratch_Minor"]},{"template":0,"fillmodel":0,"id":"radio_105","type":"radio","key":"Grade","options":["A+","A","B","C"],"new":"","value":["A"]},{"template":1,"fillmodel":1,"id":"dropdown_140","type":"dropdown","key":"Graphics_Processor","options":["AMD Radeon HD 4850","AMD Radeon HD 6350","AMD Radeon HD 6450","AMD Radeon HD 6470M","AMD Radeon HD 6490M","AMD Radeon HD 6630M","AMD Radeon HD 6750M","AMD Radeon HD 6770M","AMD Radeon HD 6970M","AMD Radeon HD 7570M","AMD Radeon HD Graphics","AMD Radeon Pro 555","ATI FireGL V3400","ATI FireGL V3600","ATI FirePro V3800","ATI Mobility Radeon 3450","ATI Mobility Radeon 9000","ATI Mobility Radeon 9600","ATI Mobility Radeon 9700","ATI Radeon 9600","ATI Radeon HD 2400","ATI Radeon HD 2400 XT","ATI Radeon HD 2400 Pro","ATI Radeon HD 2600","ATI Radeon HD 2600 Pro","ATI Radeon HD 2600 XT","ATI Radeon HD 3450","ATI Radeon HD 3470","ATI Radeon HD 4670","ATI Radeon HD 4850","ATI Radeon HD 4870","ATI Radeon HD 5670","ATI Radeon HD 5750","ATI Radeon HD 5770","ATI Radeon HD 5870","ATI Radeon HD 6770m","ATI Radeon HD6350","ATI Radeon X1300","ATI Radeon X1300 Pro","ATI Radeon X1600","ATI Radeon X1600","ATI Radeon X1900","ATI Radeon X600 XT","ATI Raedon HD 2600","ATI Raedon HD 5770","Integrated Onboard Video","INTEL 945GM","INTEL 945GSM","INTEL GMA 3150","INTEL GMA 4500","INTEL GMA 4500M HD","INTEL GMA 950","INTEL GMA HD","INTEL GMA X3100","INTEL Generic Graphics","INTEL GM45 Graphics","INTEL HD Graphics","INTEL HD Graphics 3000","INTEL HD Graphics 4000","INTEL HD Graphics 5000","INTEL HD Graphics 515","INTEL HD Graphics 5300","INTEL HD Graphics 6000","INTEL IRIS 5100","INTEL IRIS 5200","INTEL IRIS 6100","INTEL IRIS PRO","INTEL IRIS PRO 6200","NVIDIA EVGA Geforce 8400","NVIDIA GeForce 320M","NVIDIA GeForce 330M","NVIDIA Geforce 7300 GT","NVIDIA Geforce 7600 GT","NVIDIA Geforce 8600M GT","NVIDIA Geforce 8800 GS","NVIDIA Geforce 8800 GT","NVIDIA Geforce 9300GE","NVIDIA GeForce 9400","NVIDIA Geforce 9400M","NVIDIA Geforce 9600M GT","NVIDIA Geforce FX 5200","NVIDIA Geforce GT 120","NVIDIA Geforce GT 130","NVIDIA Geforce GT 220","NVIDIA Geforce GT 330M","NVIDIA Geforce GT 640M","NVIDIA Geforce GT 650M","NVIDIA Geforce GT 750M","NVIDIA Geforce GT 755M","NVIDIA Geforce GTS 450","NVIDIA Geforce GTX 460M","NVIDIA Geforce GTX 650M","NVIDIA Geforce GTX 660M","NVIDIA Geforce GTX 675MX","NVIDIA Geforce GTX 680","NVIDIA Geforce GTX 680MX","NVIDIA GeForce GTX 775M","NVIDIA Geforce GTX 780M","NVIDIA GeForce GTX 970","NVIDIA N12P-NS2","NVIDIA N13M-NS1","NVIDIA NVS 3100M","NVIDIA Quadro 1000M","NVIDIA Quadro 2000M","NVIDIA Quadro 4000","NVIDIA Quadro 600","NVIDIA Quadro FX 3450","NVIDIA Quadro FX 370","NVIDIA Quadro FX 380","NVIDIA Quadro FX 4500","NVIDIA Quadro FX 4800","NVIDIA Quadro FX 570","NVIDIA QUADRO FX 580","NVIDIA Quadro FX 880M","NVIDIA Quadro NVS 160M","NVIDIA Quadro NVS 285","NVIDIA Quadro NVS 290","NVIDIA Quadro NVS 440","NVIDIA Quadro NVS 450","NVIDIA Quadro NVS 510","RADEON R9 M370X","Rage Mobility 128","INTEL HD Graphics 4400","INTEL GMA 3100","NVIDIA Quadro K1000M","ATI Mobility Radeon HD 4330","ATI Mobility Radeon HD 4270","INTEL Graphics Accelerator X3100","NVIDIA Quadro 5010M","NVIDIA Quadro FX1600M","INTEL HD Graphics 5500","INTEL HD Graphics 520","INTEL GMA X4500 HD","Intel HD Graphics 4600","NVIDIA GeForce GTX 850M"],"new":"","value":["Integrated Onboard Video"]}],"asin":0,"model":"532","text_1":"122606","radio_2":"Laptop"}