{"items":[{"template":0,"fillmodel":0,"id":"text_1","type":"text","key":"Asset_Number","options":[""],"new":"","value":["125899"]},{"template":0,"fillmodel":0,"id":"radio_2","type":"radio","key":"Product_Name","options":["All_In_One","Computer","Laptop","Server","Mobile_Device"],"new":"","value":["Mobile_Device"]},{"template":1,"fillmodel":0,"id":"radio_149","type":"radio","key":"Technology","options":["Cell_Phone_Smart_Phone","Cell_Phone_Other","Tablet"],"new":"","value":["Cell_Phone_Smart_Phone"]},{"template":1,"fillmodel":1,"id":"text_150","type":"text","key":"Model","options":[""],"new":"","value":["iPhone"]},{"template":1,"fillmodel":1,"id":"number_151","type":"number","key":"Weight","options":[""],"new":"","value":["0.25"]},{"template":1,"fillmodel":0,"id":"text_152","type":"text","key":"Part_Number","options":[""],"new":"","value":["ME305LL\/A"]},{"template":1,"fillmodel":1,"id":"radio_154","type":"radio","key":"Color","options":["Black","White","Gray","Silver","Aluminum"],"new":"","value":["Silver"]},{"template":1,"fillmodel":1,"id":"dropdown_156","type":"dropdown","key":"Size","options":["15.6\"","17\"","10\"","10.1\"","10.4\"","11\"","11.1\"","11.6\"","12\"","12.1\"","12.3\"","12.5\"","13\"","13.1\"","13.3\"","14\"","14.1\"","15\"","15.4\"","16\"","17.3\"","18\"","18.5\"","19\"","20\"","21\"","21.5\"","22\"","23\"","24\"","27\"","3.5\"","30\"","4\"","7\"","7.9\"","9\"","9.7\""],"new":"","value":["4\""]},{"template":1,"fillmodel":1,"id":"dropdown_157","type":"dropdown","key":"Resolution","options":["1024 x 600","1024 x 768","1200 x 800","1280 x 1024","1280 x 720","1280 x 800","1360 x 768","1366 x 768","1920 x 1080","1920 x 1200","1920 x 1280","2048 x 1536","2160 x 1440","2224 x 1668","2560 x 1440","2560 x 1600","2732 x 2048","2736 x 1824","3000 x 2000","3200 x 1800","3840 x 2160","480 x 272","800 x 480","800 x 600","1600 x 900","1400 x 900"],"new":"","value":["1360 x 768"]},{"template":1,"fillmodel":0,"id":"radio_158","type":"radio","key":"Touchscreen","options":["Yes","No"],"new":"","value":["Yes"]},{"template":1,"fillmodel":0,"id":"radio_161","type":"radio","key":"Battery","options":["Battery_Yes","Battery_No"],"new":"","value":["Battery_Yes"]},{"template":1,"fillmodel":0,"id":"dropdown_162","type":"dropdown","key":"Charging_Port","options":["Dock_Connector","Lightning_Port","Micro_USB","Mini_USB","USB_C"],"new":"","value":["Lightning_Port"]},{"template":1,"fillmodel":1,"id":"number_165","type":"number","key":"Height","options":[""],"new":"","value":["4.87"]},{"template":1,"fillmodel":1,"id":"number_166","type":"number","key":"Width","options":[""],"new":"","value":["2.31"]},{"template":1,"fillmodel":1,"id":"number_167","type":"number","key":"Length","options":[""],"new":"","value":["0.30"]},{"template":0,"fillmodel":0,"id":"radio_175","type":"radio","key":"Grade","options":["A+","A","B","C"],"new":"","value":["A+"]},{"template":1,"fillmodel":0,"id":"text_176","type":"text","key":"Model2","options":[""],"new":"","value":["A1533"]}],"asin":0,"model":0,"text_1":"125899","radio_2":"Mobile_Device"}