{"items":[{"template":0,"fillmodel":0,"id":"text_1","type":"text","key":"Asset_Number","options":[""],"new":"","value":["125983"]},{"template":0,"fillmodel":0,"id":"radio_2","type":"radio","key":"Product_Name","options":["All_In_One","Computer","Laptop","Server","Mobile_Device"],"new":"","value":["Mobile_Device"]},{"template":1,"fillmodel":0,"id":"radio_149","type":"radio","key":"Technology","options":["Cell_Phone_Smart_Phone","Cell_Phone_Other","Tablet"],"new":"","value":["Cell_Phone_Smart_Phone"]},{"template":1,"fillmodel":1,"id":"text_150","type":"text","key":"Model","options":[""],"new":"","value":["iPhone"]},{"template":1,"fillmodel":1,"id":"number_151","type":"number","key":"Weight","options":[""],"new":"","value":["0.25"]},{"template":1,"fillmodel":0,"id":"text_152","type":"text","key":"Part_Number","options":[""],"new":"","value":["MD638LL\/A"]},{"template":0,"fillmodel":0,"id":"text_153","type":"text","key":"Serial_Number","options":[""],"new":"","value":["DNPK8UCYDTTN"]},{"template":1,"fillmodel":1,"id":"radio_154","type":"radio","key":"Color","options":["Black","White","Gray","Silver","Aluminum"],"new":"","value":["Silver"]},{"template":0,"fillmodel":0,"id":"radio_155","type":"radio","key":"Customer_Asset_Tag","options":["No Asset Tag","Worn Asset Tag"],"new":"ITSNA0000941341","value":["ITSNA0000941341"]},{"template":1,"fillmodel":1,"id":"dropdown_156","type":"dropdown","key":"Size","options":["15.6\"","17\"","10\"","10.1\"","10.4\"","11\"","11.1\"","11.6\"","12\"","12.1\"","12.3\"","12.5\"","13\"","13.1\"","13.3\"","14\"","14.1\"","15\"","15.4\"","16\"","17.3\"","18\"","18.5\"","19\"","20\"","21\"","21.5\"","22\"","23\"","24\"","27\"","3.5\"","30\"","4\"","7\"","7.9\"","9\"","9.7\""],"new":"","value":["4\""]},{"template":1,"fillmodel":1,"id":"dropdown_157","type":"dropdown","key":"Resolution","options":["1024 x 600","1024 x 768","1200 x 800","1280 x 1024","1280 x 720","1280 x 800","1360 x 768","1366 x 768","1920 x 1080","1920 x 1200","1920 x 1280","2048 x 1536","2160 x 1440","2224 x 1668","2560 x 1440","2560 x 1600","2732 x 2048","2736 x 1824","3000 x 2000","3200 x 1800","3840 x 2160","480 x 272","800 x 480","800 x 600","1600 x 900","1400 x 900"],"new":"","value":["1200 x 800"]},{"template":1,"fillmodel":0,"id":"radio_158","type":"radio","key":"Touchscreen","options":["Yes","No"],"new":"","value":["Yes"]},{"template":0,"fillmodel":0,"id":"radio_159","type":"radio","key":"Data_Security","options":["Factory_Reset","HDD_Wipe_x_3","Destroy"],"new":"","value":["Factory_Reset"]},{"template":0,"fillmodel":0,"id":"radio_160","type":"radio","key":"Capacity","options":["8Gb","16Gb","24Gb","32Gb","64Gb","128Gb","256Gb"],"new":"","value":["16Gb"]},{"template":1,"fillmodel":0,"id":"radio_161","type":"radio","key":"Battery","options":["Battery_Yes","Battery_No"],"new":"","value":["Battery_Yes"]},{"template":1,"fillmodel":0,"id":"dropdown_162","type":"dropdown","key":"Charging_Port","options":["Dock_Connector","Lightning_Port","Micro_USB","Mini_USB","USB_C"],"new":"","value":["Lightning_Port"]},{"template":0,"fillmodel":0,"id":"radio_163","type":"radio","key":"Carrier","options":["T-Mobile","Verizon","AT&T","Unlocked","N\/A"],"new":"","value":["Unlocked"]},{"template":0,"fillmodel":0,"id":"radio_164","type":"radio","key":"Lock_Status","options":["Locked","Unlocked"],"new":"","value":["Unlocked"]},{"template":1,"fillmodel":1,"id":"number_165","type":"number","key":"Height","options":[""],"new":"","value":["4.87"]},{"template":1,"fillmodel":1,"id":"number_166","type":"number","key":"Width","options":[""],"new":"","value":["2.31"]},{"template":1,"fillmodel":1,"id":"number_167","type":"number","key":"Length","options":[""],"new":"","value":["0.30"]},{"template":0,"fillmodel":0,"id":"mult_168","type":"mult","key":"Screen","options":["Screen_Scratch_Minor","Dark_Screen","Dead_Pixel_Minor","Pressure_Mark_Minor","Screen_Burn_Minor","Screen_Lines_Minor","Defective_Backlight","Screen_Scratch_Severe","Cracked_Screen_Minor","No_Display","Cracked_Screen_Severe","Dead_Pixel_Severe","Pressure_Mark_Severe","Screen_Burn_Severe","Screen_Lines_Severe","Cracked_Screen","Defective_Display","Defective_Touch_Screen","No_LCD"],"new":"","value":["Screen_Scratch_Minor"]},{"template":0,"fillmodel":0,"id":"mult_169","type":"mult","key":"Case","options":["Worn_COA","Security_Plate","Case_Engraved","Worn_Serial_Number","Case_Discolor","Case_Scratch_Minor","Case_Dent_Minor","Bottom_Panel","Broken_Hinge","Case_Scratch_Severe","Case_Dent_Severe","Cracked_Case_Severe","Cracked_Case_Minor","Damaged_Bezel","Damaged_Bracket","Latch_Will_Not_Close (Laptop)","Loose_Hinges","Back_Panel","Case_Dent_Top_Cover_Minor","Case_Dent_Top_Cover_Severe","Case_Dent_Coner_Minor","Case_Dent_Coner_Severe"],"new":"","value":["Case_Scratch_Minor"]},{"template":0,"fillmodel":0,"id":"mult_171","type":"mult","key":"Functional","options":["Defective_Memory","Managed","Unmanaged","Fan_Error","BIOS_Lock","Admin_Lock","Defective_Capacitors","Does_Not_Boot","Does_Not_Power_On","Water_Damage","Barebone","Defective_Fan","Defective_Motherboard","Defective_WiFi"],"new":"Defective_Key_Power","value":["Defective_Key_Power"]},{"template":0,"fillmodel":0,"id":"area_174","type":"area","key":"Notes","options":[""],"new":"","value":["Arrived Reset"]},{"template":0,"fillmodel":0,"id":"radio_175","type":"radio","key":"Grade","options":["A+","A","B","C"],"new":"","value":["B"]},{"template":1,"fillmodel":0,"id":"text_176","type":"text","key":"Model2","options":[""],"new":"","value":["1428"]}],"asin":0,"model":"596","text_1":"125983","radio_2":"Mobile_Device"}