{"items":[{"template":0,"fillmodel":0,"id":"text_1","type":"text","key":"Asset_Number","options":[""],"new":"","value":["121720"]},{"template":0,"fillmodel":0,"id":"radio_2","type":"radio","key":"Product_Name","options":["All_In_One","Computer","Laptop","Server","Mobile_Device"],"new":"","value":["Computer"]},{"template":1,"fillmodel":0,"id":"radio_37","type":"radio","key":"Technology","options":["Tower","Full Size Desktop","Mini Tower","Small Form Factor","Thin Client","Ultra Small Form Factor","Workstation","Tiny Desktop"],"new":"","value":["Small Form Factor"]},{"template":1,"fillmodel":1,"id":"text_38","type":"text","key":"Model","options":[""],"new":"","value":["8200 Elite"]},{"template":1,"fillmodel":1,"id":"number_39","type":"number","key":"Weight","options":[""],"new":"","value":["15.75"]},{"template":1,"fillmodel":0,"id":"dropdown_41","type":"dropdown","key":"OS_Label","options":["NO COA","Windows 10 Enterprise","Windows 10 Home","Windows 10 Pro","Windows 7 Enterprise","Windows 7 Home Premium","Windows 7 Professional","Windows 7 Ultimate","Windows 8","Windows 8 Enterprise","Windows 8 Pro","Windows Embedded Standard","Windows Vista Basic","Windows Vista Business","Windows Vista Home","Windows Vista Ultimate","Windows XP","Mac OSX","Windows XP Professional"],"new":"","value":["Windows 7 Professional"]},{"template":0,"fillmodel":0,"id":"radio_42","type":"radio","key":"Customer_Asset_Tag","options":["No Asset Tag","Worn Asset Tag"],"new":"","value":["No Asset Tag"]},{"template":1,"fillmodel":0,"id":"radio_43","type":"radio","key":"HD_Size","options":["1.8 MicroSATA","2.5","3.5","m.2 SSD","mSATA","Onboard"],"new":"","value":["3.5"]},{"template":1,"fillmodel":1,"id":"radio_44","type":"radio","key":"Memory_Slots","options":["1","2","3","4","5","6","7","8","16"],"new":"","value":["2"]},{"template":1,"fillmodel":1,"id":"radio_45","type":"radio","key":"Max_Memory_Capacity","options":["4GB","8GB","16GB","24GB","32GB","48GB","64GB","96GB","128GB","256GB","512GB",""],"new":"","value":["32GB"]},{"template":1,"fillmodel":0,"id":"radio_46","type":"radio","key":"Optical_Drive","options":["Yes","No","N\/A"],"new":"","value":["Yes"]},{"template":1,"fillmodel":1,"id":"radio_47","type":"radio","key":"RJ_45","options":["Yes","No"],"new":"","value":["Yes"]},{"template":1,"fillmodel":1,"id":"dropdown_48","type":"dropdown","key":"USB_2_0_Ports","options":["0","1","2","3","4","5","6","7","8","9","10","11","12"],"new":"","value":["8"]},{"template":1,"fillmodel":1,"id":"dropdown_49","type":"dropdown","key":"USB_3_0_Ports","options":["0","1","2","3","4","5","6","7","8","9","10","11","12"],"new":"","value":["0"]},{"template":1,"fillmodel":1,"id":"dropdown_50","type":"dropdown","key":"USB_C_Ports","options":["0","1","2","3","4","5","6","7","8","9","10","11","12"],"new":"","value":["0"]},{"template":1,"fillmodel":1,"id":"radio_51","type":"radio","key":"SD_Card_Reader","options":["Yes","No"],"new":"","value":["No"]},{"template":1,"fillmodel":1,"id":"radio_52","type":"radio","key":"Headphone_Jack","options":["Yes","No"],"new":"","value":["Yes"]},{"template":1,"fillmodel":1,"id":"radio_53","type":"radio","key":"Microphone_Jack","options":["Yes","No"],"new":"","value":["Yes"]},{"template":1,"fillmodel":1,"id":"mult_54","type":"mult","key":"Available_Video_Ports","options":["N\/A","Display Port","DVI","Mini Display Port","DMS-59","HDMI","VGA"],"new":"","value":["Display Port","VGA"]},{"template":1,"fillmodel":0,"id":"radio_55","type":"radio","key":"Has_Video_Card","options":["Yes","No"],"new":"","value":["No"]},{"template":1,"fillmodel":1,"id":"number_58","type":"number","key":"Height","options":[""],"new":"","value":["3.9"]},{"template":1,"fillmodel":1,"id":"number_59","type":"number","key":"Width","options":[""],"new":"","value":["13.3"]},{"template":1,"fillmodel":1,"id":"number_60","type":"number","key":"Length","options":[""],"new":"","value":["14.9"]},{"template":0,"fillmodel":0,"id":"mult_61","type":"mult","key":"Case","options":["Worn_COA","Security_Plate","Case_Engraved","Worn_Serial_Number","Case_Discolor","Case_Scratch_Minor","Case_Dent_Minor","Case_Scratch_Severe","Damaged_Case_Release","Chassis_Cover","Case_Dent_Severe","Cracked_Case_Severe","Cracked_Case_Minor","Cracked_Face_Plate","Damaged_Bezel","Damaged_Bracket","Side_Panel"],"new":"","value":["Case_Scratch_Minor"]},{"template":0,"fillmodel":0,"id":"radio_67","type":"radio","key":"Grade","options":["A+","A","B","C"],"new":"","value":["A"]},{"template":1,"fillmodel":1,"id":"dropdown_137","type":"dropdown","key":"Graphics_Processor","options":["N\/A","AMD Radeon HD 4850","AMD Radeon HD 6350","AMD Radeon HD 6450","AMD Radeon HD 6470M","AMD Radeon HD 6490M","AMD Radeon HD 6630M","AMD Radeon HD 6750M","AMD Radeon HD 6770M","AMD Radeon HD 6970M","AMD Radeon HD 7570M","AMD Radeon HD Graphics","AMD Radeon Pro 555","ATI FireGL V3400","ATI FireGL V3600","ATI FirePro V3800","ATI Mobility Radeon 3450","ATI Mobility Radeon 9000","ATI Mobility Radeon 9600","ATI Mobility Radeon 9700","ATI Radeon 9600","ATI Radeon HD 2400","ATI Radeon HD 2400 XT","ATI Radeon HD 2400 Pro","ATI Radeon HD 2600","ATI Radeon HD 2600 Pro","ATI Radeon HD 2600 XT","ATI Radeon HD 3450","ATI Radeon HD 3470","ATI Radeon HD 4670","ATI Radeon HD 4850","ATI Radeon HD 4870","ATI Radeon HD 5670","ATI Radeon HD 5750","ATI Radeon HD 5770","ATI Radeon HD 5870","ATI Radeon HD 6770m","ATI Radeon HD6350","ATI Radeon X1300","ATI Radeon X1300 Pro","ATI Radeon X1600","ATI Radeon X1600","ATI Radeon X1900","ATI Radeon X600 XT","ATI Raedon HD 2600","ATI Raedon HD 5770","Integrated Onboard Video","INTEL 945GM","INTEL 945GSM","INTEL GMA 3150","INTEL GMA 4500","INTEL GMA 4500M HD","INTEL GMA 950","INTEL GMA HD","INTEL GMA X3100","INTEL Generic Graphics","INTEL GM45 Graphics","INTEL HD Graphics","INTEL HD Graphics 3000","INTEL HD Graphics 4000","INTEL HD Graphics 5000","INTEL HD Graphics 515","INTEL HD Graphics 5300","INTEL HD Graphics 6000","INTEL IRIS 5100","INTEL IRIS 5200","INTEL IRIS 6100","INTEL IRIS PRO","INTEL IRIS PRO 6200","NVIDIA EVGA Geforce 8400","NVIDIA GeForce 320M","NVIDIA GeForce 330M","NVIDIA Geforce 7300 GT","NVIDIA Geforce 7600 GT","NVIDIA Geforce 8600M GT","NVIDIA Geforce 8800 GS","NVIDIA Geforce 8800 GT","NVIDIA Geforce 9300GE","NVIDIA GeForce 9400","NVIDIA Geforce 9400M","NVIDIA Geforce 9600M GT","NVIDIA Geforce FX 5200","NVIDIA Geforce GT 120","NVIDIA Geforce GT 130","NVIDIA Geforce GT 220","NVIDIA Geforce GT 330M","NVIDIA Geforce GT 640M","NVIDIA Geforce GT 650M","NVIDIA Geforce GT 750M","NVIDIA Geforce GT 755M","NVIDIA Geforce GTS 450","NVIDIA Geforce GTX 460M","NVIDIA Geforce GTX 650M","NVIDIA Geforce GTX 660M","NVIDIA Geforce GTX 675MX","NVIDIA Geforce GTX 680","NVIDIA Geforce GTX 680MX","NVIDIA GeForce GTX 775M","NVIDIA Geforce GTX 780M","NVIDIA GeForce GTX 970","NVIDIA N12P-NS2","NVIDIA N13M-NS1","NVIDIA NVS 3100M","NVIDIA Quadro 1000M","NVIDIA Quadro 2000M","NVIDIA Quadro 4000","NVIDIA Quadro 600","NVIDIA Quadro FX 3450","NVIDIA Quadro FX 370","NVIDIA Quadro FX 380","NVIDIA Quadro FX 4500","NVIDIA Quadro FX 4800","NVIDIA Quadro FX 570","NVIDIA QUADRO FX 580","NVIDIA Quadro FX 880M","NVIDIA Quadro NVS 160M","NVIDIA Quadro NVS 285","NVIDIA Quadro NVS 290","NVIDIA Quadro NVS 440","NVIDIA Quadro NVS 450","NVIDIA Quadro NVS 510","RADEON R9 M370X","Rage Mobility 128","INTEL HD Graphics 4400","INTEL HD Graphics 530","NVIDIA Geforce GT 635","AMD Radeon R7 450","INTEL HD Graphics 2000","INTEL HD Graphics 4600","INTEL GMA 3100","INTEL HD Graphics 2500","INTEL GMA X4500","INTEL GPU","INTEL GMA 3000","AMD Radeon HD 7470","NVIDIA Quadro 2000","NVIDIA Quadro NVS 295","NVIDIA Quadro FX3800","NVIDIA Quadro K5000","INTEL HD Graphics 630"],"new":"","value":["INTEL HD Graphics 2000"]}],"asin":0,"model":"151","text_1":"121720","radio_2":"Computer"}